6BF7CE4065FD8AD8071E94AABE062C88,Last Modification Date,2021-11-10
6BF7CE4065FD8AD8071E94AABE062C88,First Submission Date,2021-06-18
40DCD7C8C0B989FB442390582525CB18,Creation Date,2021-07-13
40DCD7C8C0B989FB442390582525CB18,Last Modification Date,2021-12-09
40DCD7C8C0B989FB442390582525CB18,First Submission Date,2021-08-24
1BA4C72957D82D01D276643BAABDD3D7,Creation Date,2021-06-18
1BA4C72957D82D01D276643BAABDD3D7,Last Modification Date,2021-09-05
1BA4C72957D82D01D276643BAABDD3D7,First Submission Date,2021-06-18
3E38999A11CDA8C9290DBE02B0E4634A,Creation Date,2020-06-28
3E38999A11CDA8C9290DBE02B0E4634A,Last Modification Date,2021-09-29
3E38999A11CDA8C9290DBE02B0E4634A,First Submission Date,2021-08-24
D628A5CCE3CB340FFA5D7A07A12A3BB6,Creation Date,2021-06-19
D628A5CCE3CB340FFA5D7A07A12A3BB6,Last Modification Date,2021-09-09
D628A5CCE3CB340FFA5D7A07A12A3BB6,First Submission Date,2021-06-20
E336DC35C967CB59E0961E41D1E93A15,Creation Date,2020-03-26
E336DC35C967CB59E0961E41D1E93A15,Last Modification Date,2021-09-06
E336DC35C967CB59E0961E41D1E93A15,First Submission Date,2021-06-20
6D7F2042F34A19DA41A09A1BF3371CDE,Creation Date,2020-06-28
6D7F2042F34A19DA41A09A1BF3371CDE,Last Modification Date,2021-09-05
6D7F2042F34A19DA41A09A1BF3371CDE,First Submission Date,2021-08-24
5B4B42A8A730FAE1B786326F27613DA4,Creation Date,2018-05-30
5B4B42A8A730FAE1B786326F27613DA4,Last Modification Date,2021-07-15
5B4B42A8A730FAE1B786326F27613DA4,First Submission Date,2018-07-30
B2FE8C3BA2B9639F34C1727D50C4918D,Creation Date,2018-11-25
B2FE8C3BA2B9639F34C1727D50C4918D,Last Modification Date,2021-07-15
B2FE8C3BA2B9639F34C1727D50C4918D,First Submission Date,2018-11-27
6BF7CE4065FD8AD8071E94AABE062C88,Last Modification Date,2021-11-10 18:26:26
6BF7CE4065FD8AD8071E94AABE062C88,First Submission Date,2021-06-18 09:19:30
40DCD7C8C0B989FB442390582525CB18,Creation Date,2021-07-13 06:35:33
40DCD7C8C0B989FB442390582525CB18,Last Modification Date,2021-12-09 14:55:42
40DCD7C8C0B989FB442390582525CB18,First Submission Date,2021-08-24 18:09:35
1BA4C72957D82D01D276643BAABDD3D7,Creation Date,2021-06-18 05:35:25
1BA4C72957D82D01D276643BAABDD3D7,Last Modification Date,2021-09-05 23:50:19
1BA4C72957D82D01D276643BAABDD3D7,First Submission Date,2021-06-18 12:37:17
3E38999A11CDA8C9290DBE02B0E4634A,Creation Date,2020-06-28 23:46:00
3E38999A11CDA8C9290DBE02B0E4634A,Last Modification Date,2021-09-29 13:00:28
3E38999A11CDA8C9290DBE02B0E4634A,First Submission Date,2021-08-24 06:07:16
D628A5CCE3CB340FFA5D7A07A12A3BB6,Creation Date,2021-06-19 05:07:30
D628A5CCE3CB340FFA5D7A07A12A3BB6,Last Modification Date,2021-09-09 22:28:03
D628A5CCE3CB340FFA5D7A07A12A3BB6,First Submission Date,2021-06-20 06:56:56
E336DC35C967CB59E0961E41D1E93A15,Creation Date,2020-03-26 03:02:47
E336DC35C967CB59E0961E41D1E93A15,Last Modification Date,2021-09-06 03:05:22
E336DC35C967CB59E0961E41D1E93A15,First Submission Date,2021-06-20 06:49:37
6D7F2042F34A19DA41A09A1BF3371CDE,Creation Date,2020-06-28 23:46:00
6D7F2042F34A19DA41A09A1BF3371CDE,Last Modification Date,2021-09-05 23:52:33
6D7F2042F34A19DA41A09A1BF3371CDE,First Submission Date,2021-08-24 05:43:00
5B4B42A8A730FAE1B786326F27613DA4,Creation Date,2018-05-30 02:09:29
5B4B42A8A730FAE1B786326F27613DA4,Last Modification Date,2021-07-15 15:23:21
5B4B42A8A730FAE1B786326F27613DA4,First Submission Date,2018-07-30 00:30:50
B2FE8C3BA2B9639F34C1727D50C4918D,Creation Date,2018-11-25 02:36:21
B2FE8C3BA2B9639F34C1727D50C4918D,Last Modification Date,2021-07-15 06:49:12
B2FE8C3BA2B9639F34C1727D50C4918D,First Submission Date,2018-11-27 06:32:57
